name,sex,ethnicity,ses,vowel,stress,word,F1,F2,F1_lobnorm_unscaled,F2_lobnorm_unscaled,dur,plt_manner,plt_place,plt_voice,pre_seg,fol_seg,context,word_trans,F1_20,F2_20,F1_35,F2_35,F1_50,F2_50,F1_65,F2_65,F1_80,F2_80
Marisa,female,Italian,LWC,IY,1,ABBREVIATE,491.3,2163.8,-0.853367305,0.84787501,0.07,fricative,labiodental,voiced,R,V,internal,AH0 B R IY1 V IY0 EY2 T,517.7,2029.8,506.7,2078.9,456.6,2312.2,418.5,2494.9,415.5,2571.5
Marisa,female,Italian,LWC,IY,1,ABBREVIATE,548.8,2123.9,-0.599160282,0.845676599,0.06,fricative,labiodental,voiced,R,V,internal,AH0 B R IY1 V IY0 EY2 T,556,2062.2,555.2,2070.2,534.7,2181.5,496.5,2262,493.5,2265.7
Marisa,female,Italian,LWC,IY,1,ABBREVIATE,548.8,2123.9,-0.599160282,0.845676599,0.06,fricative,labiodental,voiced,R,V,internal,AH0 B R IY1 V IY0 EY2 T,556,2062.2,555.2,2070.2,534.7,2181.5,496.5,2262,493.5,2265.7
Liliana,female,Italian,MC,IY,1,ABC,411.2,2504.2,-1.264704437,1.117454302,0.11,fricative,apical,voiceless,B,S,internal,EY1 B IY1 S IY1,444,2430,419.2,2480.9,390.2,2529.7,383.4,2555.6,364.7,2656.6
Liliana,female,Italian,MC,IY,1,ABC,513.9,2164.5,-0.574377457,0.56009038,0.09,fricative,apical,voiceless,B,S,internal,EY1 B IY1 S IY1,471.7,1986.2,506.3,2085.3,520.1,2262.7,467.9,1218.2,444.1,1175.4
Liliana,female,Italian,MC,IY,1,ABC,668.3,2372.3,0.463465637,0.901038931,0.05,,,,S,SIL,final,EY1 B IY1 S IY1,723.1,2332.4,723.1,2332.4,576.8,2288.9,529.7,2459,529.7,2459
Alonso,male,Italian,LWC,EY,1,ABLE,655.1,1944,1.431493366,0.701238931,0.12,stop,labial,voiced,SIL,B,initial,EY1 B AH0 L,498.2,1851.6,613.7,1861.5,655.1,1944,609.9,2033.5,581.6,1862.9
Rhiannon,female,Anglo,MC,EY,1,ABLE,879,2126.5,3.079564797,0.606444847,0.16,stop,labial,voiced,SIL,B,initial,EY1 B AH0 L,968.5,2168.8,878.4,2114.1,801.4,2139.9,711.9,2259.8,518.4,1638.4
Brian,male,Anglo,LWC,AW,1,ABOUT,356.9,1411.4,-0.707415546,-0.402074494,0.06,stop,apical,voiceless,B,T,internal,AH0 B AW1 T,353.3,1470.8,355.9,1438.9,360.3,871.4,376.4,872.6,383.3,904
Brian,male,Anglo,LWC,AW,1,ABOUT,281.5,2083.8,-1.141590531,1.074536059,0.06,stop,apical,voiceless,B,T,internal,AH0 B AW1 T,268,2060.7,272.4,2073.8,318.2,2074.4,336.8,1971.6,341.7,1952.9
Brian,male,Anglo,LWC,AW,1,ABOUT,443.5,1867,-0.208747725,0.598436761,0.06,stop,apical,voiceless,B,T,internal,AH0 B AW1 T,408.5,1863.4,418.7,1864.9,648.8,1871,676.6,1928.8,666.2,1925.4
Brian,male,Anglo,LWC,AW,1,ABOUT,428.9,1826.2,-0.292818743,0.508838739,0.05,stop,apical,voiceless,B,T,internal,AH0 B AW1 T,428.9,1826.2,428.9,1826.2,460,1860.1,446.1,1866.6,446.1,1866.6
Brian,male,Anglo,LWC,AW,1,ABOUT,438.8,1823.9,-0.235811683,0.50378787,0.05,stop,apical,voiceless,B,T,internal,AH0 B AW1 T,434.9,1812.9,434.9,1812.9,474.4,1922.3,509.2,1916,509.2,1916
Martin,male,Anglo,UWC,AW,1,ABOUT,527.3,1539.2,0.288022261,-0.003442462,0.1,stop,apical,voiceless,B,T,internal,AH0 B AW1 T,487.8,1459.6,531.8,1547.7,563.2,1606.6,574.7,1523.7,560.8,1467.3
Martin,male,Anglo,UWC,AW,1,ABOUT,489.8,1902.1,-0.197619672,0.916635298,0.11,stop,apical,voiceless,B,T,internal,AH0 B AW1 T,486.1,1875.4,491.3,1924.2,497.5,1856.4,538.7,1799.5,573.1,1801
Martin,male,Anglo,UWC,AW,1,ABOUT,495.1,1735.1,-0.141299056,0.503073551,0.05,stop,apical,voiceless,B,T,internal,AH0 B AW1 T,495.1,1735.1,495.1,1735.1,518,1758.7,530.7,1715,530.7,1715
Martin,male,Anglo,UWC,AW,1,ABOUT,505.5,1515.1,-0.030783129,-0.041738331,0.09,stop,apical,voiceless,B,T,internal,AH0 B AW1 T,480.1,1201,519.2,1561.4,542.7,1562.7,579.7,1604.8,568.8,1528.2
Martin,male,Anglo,UWC,AW,1,ABOUT,506.3,1727.1,-0.022281904,0.48326221,0.2,stop,apical,voiceless,B,T,internal,AH0 B AW1 T,494.4,1705.4,521.1,1783.2,594.6,1809.3,604,1667.3,624.5,1574.4
Martin,male,Anglo,UWC,AW,1,ABOUT,516.5,1627.9,0.086108716,0.23760158,0.13,stop,apical,voiceless,B,T,internal,AH0 B AW1 T,493,1575.2,523.3,1637.8,546.5,1650.5,547.4,1563.9,535.2,1590.1
Martin,male,Anglo,UWC,AW,1,ABOUT,548.4,1654.5,0.425095067,0.303474289,0.1,stop,apical,voiceless,B,T,internal,AH0 B AW1 T,505.6,1576.4,557.7,1678.1,587.2,1791.5,607.5,1813.1,582.4,1718.1
Lisa,female,Italian,MC,AW,1,ABOUT,513,1919.2,-0.531350721,0.194118005,0.11,stop,apical,voiceless,B,T,internal,AH0 B AW1 T,482.8,1924.4,494.1,1699.1,578.3,1388.4,673.4,960.3,712.8,1444.6
Lisa,female,Italian,MC,AW,1,ABOUT,515,1869.6,-0.513294515,0.100605342,0.07,stop,apical,voiceless,B,T,internal,AH0 B AW1 T,494.5,1834.1,510.6,1864.2,590.4,1930.1,629,1927.8,628.2,1917.7
Lisa,female,Italian,MC,AW,1,ABOUT,530.5,1685.3,-0.373358919,-0.246862073,0.11,stop,apical,voiceless,B,T,internal,AH0 B AW1 T,489.5,1700,545.8,1704.1,614,1916.4,678.2,1797.6,676.3,1766.3
Lisa,female,Italian,MC,AW,1,ABOUT,531,1642.9,-0.368844867,-0.326800317,0.19,stop,apical,voiceless,B,T,internal,AH0 B AW1 T,530.5,1649.5,559.7,1761.8,695.5,1856.6,684.9,1804.6,625.7,1835
Lisa,female,Italian,MC,AW,1,ABOUT,541,2040.5,-0.278563837,0.422809255,0.09,stop,apical,voiceless,B,T,internal,AH0 B AW1 T,497.5,1945.9,545.6,2047.6,642.3,1965.1,678.9,1886.6,685.5,1967.5
Lisa,female,Italian,MC,AW,1,ABOUT,546.9,2315.7,-0.22529803,0.941653706,0.1,stop,apical,voiceless,B,T,internal,AH0 B AW1 T,506.8,2290,557.3,2356.8,645.3,2399.2,633.5,2229.5,617.9,2071.7
Lisa,female,Italian,MC,AW,1,ABOUT,551.2,1719.3,-0.186477187,-0.18276065,0.08,stop,apical,voiceless,B,T,internal,AH0 B AW1 T,529.8,1725.2,555.4,1722.8,649.2,1729.6,701,1633.4,710.7,1594.7
Lisa,female,Italian,MC,AW,1,ABOUT,580.4,2115.9,0.077143421,0.564963585,0.16,stop,apical,voiceless,B,T,internal,AH0 B AW1 T,530.5,2094.4,586.8,2124.2,656.3,1960.9,677.6,1851.4,651.6,1693.2
Lisa,female,Italian,MC,AW,1,ABOUT,605.3,2127,0.301943186,0.585890814,0.14,stop,apical,voiceless,B,T,internal,AH0 B AW1 T,517.8,2127.5,634.7,2177,673,1956.7,697.8,1580.3,678.1,1596.6
Lisa,female,Italian,MC,AW,1,ABOUT,618.4,2236.7,0.420211335,0.792712167,0.13,stop,apical,voiceless,B,T,internal,AH0 B AW1 T,546.6,2076,647.8,2233.3,715.1,1940.3,766.5,1578.2,701.6,1656.7
Lisa,female,Italian,MC,AW,1,ABOUT,620.4,2086.4,0.438267541,0.509346174,0.18,stop,apical,voiceless,B,T,internal,AH0 B AW1 T,555,2035.2,628.8,2088.7,659.4,2065.2,739.5,1896.4,727,1723
Lisa,female,Italian,MC,AW,1,ABOUT,637.9,1904.4,0.596259344,0.166215033,0.16,stop,apical,voiceless,B,T,internal,AH0 B AW1 T,567.5,1856,679.9,1933.6,728.8,1896.7,734.4,1764.5,710.5,1715
Lisa,female,Italian,MC,AW,1,ABOUT,645.1,1765,0.661261686,-0.096600798,0.12,stop,apical,voiceless,B,T,internal,AH0 B AW1 T,581.3,1537.6,661.5,1781.4,730,1852,780.8,1370.7,748.6,1499.9
Lisa,female,Italian,MC,AW,1,ABOUT,713.7,1887.1,1.280589552,0.133598721,0.22,stop,apical,voiceless,B,T,internal,AH0 B AW1 T,674.7,1876.8,704.4,1848.1,738.8,1868.7,533.4,1753,408.9,1419.1
Marisa,female,Italian,LWC,AW,1,ABOUT,486.5,1778.5,-0.887727512,0.120541525,0.08,stop,apical,voiceless,B,T,internal,AH0 B AW1 T,426,1702.6,486.5,1778.5,594,1993.6,527.4,1464.5,564.4,1456
Marisa,female,Italian,LWC,AW,1,ABOUT,550.1,1803.9,-0.432454767,0.168489281,0.07,stop,apical,voiceless,B,T,internal,AH0 B AW1 T,540.9,1765.4,550.1,1803.9,634.7,1966.1,677,1914.2,678.5,1881.7
Marisa,female,Italian,LWC,AW,1,ABOUT,581.5,1653.3,-0.207681745,-0.115799385,0.1,stop,apical,voiceless,B,T,internal,AH0 B AW1 T,525.4,1685.9,588.3,1664.2,645,1827.7,661.3,1922.2,618.5,1792.8
Marisa,female,Italian,LWC,AW,1,ABOUT,601.6,1739.2,-0.063798377,0.046354642,0.12,stop,apical,voiceless,B,T,internal,AH0 B AW1 T,615,1730.8,491.3,1501.5,481,892,410.5,667.2,307.5,790.8
Marisa,female,Italian,LWC,AW,1,ABOUT,603.7,1514.8,-0.048765787,-0.377246796,0.09,stop,apical,voiceless,B,T,internal,AH0 B AW1 T,620.4,1706.1,607.6,1449.6,651.6,794.3,679.3,761.2,645.7,776.6
Marisa,female,Italian,LWC,AW,1,ABOUT,624.1,2129.5,0.097265094,0.783126662,0.16,stop,apical,voiceless,B,T,internal,AH0 B AW1 T,572.1,2086,652.1,2124.8,748.4,2092.8,784.9,1915.3,785.6,1853.2
Marisa,female,Italian,LWC,AW,1,ABOUT,639.9,2097.9,0.210367443,0.723475122,0.08,stop,apical,voiceless,B,T,internal,AH0 B AW1 T,576.6,2082.6,645.5,2097.5,685.2,2023.1,700.6,1980.7,720.2,1985.4
Marisa,female,Italian,LWC,AW,1,ABOUT,700.6,2071.9,0.644880896,0.674394742,0.09,stop,apical,voiceless,B,T,internal,AH0 B AW1 T,669,2070.6,702.5,2052.6,729.8,1859.9,762.7,1703.3,768.6,1719.2
Marisa,female,Italian,LWC,AW,1,ABOUT,521.2,684.7,-0.811234818,-2.0138222,0.1,stop,apical,voiceless,B,T,internal,AH0 B AW1 T,473.2,775.3,574.1,667.6,610.6,778.8,591.2,820.2,599.5,802.3
Marisa,female,Italian,LWC,AW,1,ABOUT,521.2,684.7,-0.811234818,-2.0138222,0.1,stop,apical,voiceless,B,T,internal,AH0 B AW1 T,473.2,775.3,574.1,667.6,610.6,778.8,591.2,820.2,599.5,802.3
Marisa,female,Italian,LWC,AW,1,ABOUT,580.7,1857.2,-0.354045149,0.315779205,0.12,stop,apical,voiceless,B,T,internal,AH0 B AW1 T,531.6,1646.4,590.8,1669.7,628.9,1245.2,782.4,1941.6,825.5,1809.3
Marisa,female,Italian,LWC,AW,1,ABOUT,580.7,1857.2,-0.354045149,0.315779205,0.12,stop,apical,voiceless,B,T,internal,AH0 B AW1 T,531.6,1646.4,590.8,1669.7,628.9,1245.2,782.4,1941.6,825.5,1809.3
Marisa,female,Italian,LWC,AW,1,ABOUT,584.5,2082,-0.324846481,0.762426878,0.07,stop,apical,voiceless,B,T,internal,AH0 B AW1 T,552.4,2086.2,584.5,2082,692.1,2065.2,714.6,2040.4,710.3,2051
Marisa,female,Italian,LWC,AW,1,ABOUT,584.5,2082,-0.324846481,0.762426878,0.07,stop,apical,voiceless,B,T,internal,AH0 B AW1 T,552.4,2086.2,584.5,2082,692.1,2065.2,714.6,2040.4,710.3,2051
Marisa,female,Italian,LWC,AW,1,ABOUT,509,928.2,-0.908465395,-1.579112658,0.11,stop,apical,voiceless,B,T,internal,AH0 B AW1 T,509,928.2,507.2,705.9,506.5,738.8,478.9,805.8,445.3,801.4
Marisa,female,Italian,LWC,AW,1,ABOUT,530,2021.4,-0.74794437,0.430298737,0.07,stop,apical,voiceless,B,T,internal,AH0 B AW1 T,530,2021.4,556.4,2090.7,554.5,1151.8,607.4,788.2,608.3,805.6
Marisa,female,Italian,LWC,AW,1,ABOUT,530.5,1723.4,-0.744122441,-0.117455192,0.13,stop,apical,voiceless,B,T,internal,AH0 B AW1 T,512.6,1733.6,585,1548.4,394.3,732.1,481.2,1297.6,631.1,1583.7
Marisa,female,Italian,LWC,AW,1,ABOUT,568.6,1668.3,-0.452891439,-0.218734526,0.13,stop,apical,voiceless,B,T,internal,AH0 B AW1 T,508,1695.4,582.4,1649.9,725.9,1747.8,780.6,1627.7,736.2,1485.3
Marisa,female,Italian,LWC,AW,1,ABOUT,596.2,1749.7,-0.24192095,-0.069113151,0.09,stop,apical,voiceless,B,T,internal,AH0 B AW1 T,576.9,1722.2,606.9,1767.1,724.2,1893,729.1,1841.5,724.9,1783
Marisa,female,Italian,LWC,AW,1,ABOUT,619.8,2021.8,-0.061525893,0.431033978,0.12,stop,apical,voiceless,B,T,internal,AH0 B AW1 T,604.4,2045.4,639.5,2041.1,712.5,1945.8,757.9,1777.8,746.5,1452.4
Marisa,female,Italian,LWC,AW,1,ABOUT,620.9,2000.7,-0.053117649,0.392250058,0.11,stop,apical,voiceless,B,T,internal,AH0 B AW1 T,614.1,1616.7,627.1,2028.1,730.5,2000.6,793.3,1918.5,799,1819.6
Marisa,female,Italian,LWC,AW,1,ABOUT,631.9,2006.7,0.030964792,0.403278661,0.13,stop,apical,voiceless,B,T,internal,AH0 B AW1 T,575.7,1814.2,656.2,2043.8,727.3,2074,760.5,1991.4,779.9,1805
Marisa,female,Italian,LWC,AW,1,ABOUT,655.5,1826.1,0.211359849,0.071317723,0.13,stop,apical,voiceless,B,T,internal,AH0 B AW1 T,601.5,1750.4,704.2,1890.6,599.3,1390.9,409.3,775.5,560.6,987.8
Marisa,female,Italian,LWC,AW,1,ABOUT,661.8,1750.1,0.259516156,-0.068377911,0.15,stop,apical,voiceless,B,T,internal,AH0 B AW1 T,653.6,1797.1,685.1,1836.1,702.3,1930.3,757.9,1853.8,792.4,1765.2
Marisa,female,Italian,LWC,AW,1,ABOUT,674,2091.5,0.352771227,0.559149578,0.17,stop,apical,voiceless,B,T,internal,AH0 B AW1 T,582.8,1669.1,702.8,2166.5,735.5,1862.6,793.9,1641.9,834.6,1446.3
Kim,female,Anglo,UWC,AW,1,ABOUT,487.8,1717.2,-0.574043729,-0.161584019,0.06,stop,apical,voiceless,B,T,internal,AH0 B AW1 T,474.9,1735.3,478.5,1727.7,581.6,1763.6,597,1730.4,597.1,1729.4
Kim,female,Anglo,UWC,AW,1,ABOUT,504.5,1339.9,-0.45187557,-0.83985654,0.05,stop,apical,voiceless,B,T,internal,AH0 B AW1 T,504.5,1339.9,504.5,1339.9,620.6,1691.7,653,1813.9,653,1813.9
Kim,female,Anglo,UWC,AW,1,ABOUT,521.3,1807.1,-0.328975865,2.93E-05,0.08,stop,apical,voiceless,B,T,internal,AH0 B AW1 T,503.8,1798.3,575.5,1890.5,526.1,1327,519.5,1110.1,583.6,1531.2
Kim,female,Anglo,UWC,AW,1,ABOUT,527.9,1909.9,-0.280693838,0.18483293,0.09,stop,apical,voiceless,B,T,internal,AH0 B AW1 T,472,1657.2,568.3,1922.1,673.4,1945.2,709.5,1909.3,697.4,1886.8
Kim,female,Anglo,UWC,AW,1,ABOUT,546.5,1722.1,-0.144626308,-0.152775285,0.1,stop,apical,voiceless,B,T,internal,AH0 B AW1 T,519,1665.4,565.3,1516.7,586,676.3,640.7,1597.8,686.1,1890.6
Kim,female,Anglo,UWC,AW,1,ABOUT,551.4,1722.1,-0.10878056,-0.152775285,0.08,stop,apical,voiceless,B,T,internal,AH0 B AW1 T,486.6,1644.1,557.8,1729.1,682.4,1646.4,803.2,1879.7,791.7,1883.6
Kim,female,Anglo,UWC,AW,1,ABOUT,558,1808.9,-0.060498533,0.003265147,0.08,stop,apical,voiceless,B,T,internal,AH0 B AW1 T,498.2,1787.2,567.6,1813.2,682.9,1902.5,649.5,1894.8,601.7,1866.4
Kim,female,Anglo,UWC,AW,1,ABOUT,558.8,1865.9,-0.054646166,0.105734094,0.07,stop,apical,voiceless,B,T,internal,AH0 B AW1 T,539.2,1909.4,555.6,1871.4,610.4,1871.9,621.9,1911.4,623.9,1914.9
Kim,female,Anglo,UWC,AW,1,ABOUT,560.7,1744.5,-0.040746795,-0.112506786,0.06,stop,apical,voiceless,B,T,internal,AH0 B AW1 T,515,1732.5,530.8,1737.6,666.7,1815.6,717.3,1859.3,717.3,1859.3
Kim,female,Anglo,UWC,AW,1,ABOUT,569.9,1989,0.026555424,0.327031066,0.09,stop,apical,voiceless,B,T,internal,AH0 B AW1 T,508.2,2046.3,587.1,1978.9,734,1959.5,822.5,1949.5,824.7,1941
Kim,female,Anglo,UWC,AW,1,ABOUT,575.3,1813.7,0.066058901,0.011894111,0.12,stop,apical,voiceless,B,T,internal,AH0 B AW1 T,533.6,1665.4,616.6,1848.1,733.4,1899.1,813.9,1854.2,827.4,1807
Kim,female,Anglo,UWC,AW,1,ABOUT,593,1309.9,0.195542519,-0.893787565,0.06,stop,apical,voiceless,B,T,internal,AH0 B AW1 T,605.1,1376.8,598.6,1343.5,516.6,743.9,494.3,788.5,492.2,789.7
Kim,female,Anglo,UWC,AW,1,ABOUT,611,1868.1,0.327220774,0.109689036,0.14,stop,apical,voiceless,B,T,internal,AH0 B AW1 T,535.8,1750.6,635.9,1889.6,757.3,1840.6,808.1,1765.6,718,1427.9
Kim,female,Anglo,UWC,AW,1,ABOUT,612.2,1604,0.335999325,-0.365083752,0.11,stop,apical,voiceless,B,T,internal,AH0 B AW1 T,558.4,1520,614.5,1619.3,692.5,1616.1,759.9,1643.1,729.6,1665.6
Kim,female,Anglo,UWC,AW,1,ABOUT,615,1687.2,0.356482609,-0.215515043,0.11,stop,apical,voiceless,B,T,internal,AH0 B AW1 T,586.6,1601.9,618.5,1549.9,722.1,1656.9,767.7,1601.9,790.7,1780.7
Kim,female,Anglo,UWC,AW,1,ABOUT,623.9,1758.8,0.421590191,-0.086799664,0.07,stop,apical,voiceless,B,T,internal,AH0 B AW1 T,602.9,1745.9,620.3,1756.2,673.7,1808.6,668,1687.2,667,1685
Kim,female,Anglo,UWC,AW,1,ABOUT,624.1,1830.6,0.423053282,0.042275255,0.14,stop,apical,voiceless,B,T,internal,AH0 B AW1 T,513.1,1760.5,643,1844.7,684.5,1898.1,735.5,1765.9,813.8,1615.9
Kim,female,Anglo,UWC,AW,1,ABOUT,625.9,1635.6,0.436221108,-0.308276406,0.09,stop,apical,voiceless,B,T,internal,AH0 B AW1 T,539.7,1490.4,682.8,1692,727.1,1430.1,521.7,841.9,432.4,813.2
Kim,female,Anglo,UWC,AW,1,ABOUT,784.4,1743.2,1.595721301,-0.114843797,0.1,stop,apical,voiceless,B,T,internal,AH0 B AW1 T,676.7,1700.7,795.8,1737.1,885.7,1707.5,919.6,1565.7,924.5,1507.4
Sara,female,Italian,LWC,AW,1,ABOUT,587.9,2172.3,-0.262330125,0.542042698,0.08,stop,apical,voiceless,B,T,internal,AH0 B AW1 T,603.9,2148.2,589.6,2172.9,615.7,2166.6,662.4,2096.6,720.4,2044.3
Sara,female,Italian,LWC,AW,1,ABOUT,596.6,1808.5,-0.210550467,-0.043520961,0.06,stop,apical,voiceless,B,T,internal,AH0 B AW1 T,581.6,1743.3,586.5,1766.6,669.1,1933.8,695,1993.9,695,1993.9
Sara,female,Italian,LWC,AW,1,ABOUT,604.4,1872.9,-0.164127325,0.060135717,0.1,stop,apical,voiceless,B,T,internal,AH0 B AW1 T,450.4,1855.8,621,1893.6,737.6,1903.9,785.1,1943.6,770.2,1960.8
Sara,female,Italian,LWC,AW,1,ABOUT,677.2,2023.2,0.269155329,0.302054953,0.1,stop,apical,voiceless,B,T,internal,AH0 B AW1 T,648,2166.9,683.7,2007.5,812.1,1912.9,793.2,1628.2,757.4,1450.7
Sara,female,Italian,LWC,AW,1,ABOUT,558.6,1908.2,-0.434645863,0.120359839,0.09,stop,apical,voiceless,B,T,internal,AH0 B AW1 T,499.8,1906.2,572.5,1918.3,696.1,2075.4,730.6,2135.4,709,2188.5
Sara,female,Italian,LWC,AW,1,ABOUT,568.9,1980.9,-0.373542136,0.23942968,0.1,stop,apical,voiceless,B,T,internal,AH0 B AW1 T,500.1,1880.1,580.9,2006.2,651.9,2178.9,649.3,2136.8,630.4,2134.3
Sara,female,Italian,LWC,AW,1,ABOUT,592.2,2050.2,-0.235317201,0.352930917,0.11,stop,apical,voiceless,B,T,internal,AH0 B AW1 T,651.2,1915.7,605.9,2059,720.8,2041.3,756.8,1863.1,745.9,1538.2
Sara,female,Italian,LWC,AW,1,ABOUT,601.5,1988.7,-0.180145874,0.252204711,0.18,stop,apical,voiceless,B,T,internal,AH0 B AW1 T,628.2,2014.3,466.3,1261.6,604.1,1221.8,694.4,1666,630,1638.8
Sara,female,Italian,LWC,AW,1,ABOUT,623.5,2199.5,-0.04963306,0.597458115,0.19,stop,apical,voiceless,B,T,internal,AH0 B AW1 T,592,2234.1,665,2283.9,775.5,2174.8,875.9,1998.9,870,1258.2
Sara,female,Italian,LWC,AW,1,ABOUT,631.2,2114,-0.003953575,0.45742412,0.14,stop,apical,voiceless,B,T,internal,AH0 B AW1 T,562.6,2036.9,667.4,2117.3,743.6,2005.2,747.6,1865.9,687.7,1649.3
Sara,female,Italian,LWC,AW,1,ABOUT,644.1,2269.5,0.072574394,0.712105829,0.15,stop,apical,voiceless,B,T,internal,AH0 B AW1 T,550.2,2012.9,666.3,2338.5,715.1,1990.5,835,2075.2,832.1,1991.3
Sara,female,Italian,LWC,AW,1,ABOUT,676.3,2140.9,0.263597695,0.501481599,0.18,stop,apical,voiceless,B,T,internal,AH0 B AW1 T,621.3,1954.8,704.6,2165.5,796.2,2272.9,903,1922.4,889.2,1899.4
Sara,female,Italian,LWC,AW,1,ABOUT,680,1864.9,0.285547578,0.049442038,0.23,stop,apical,voiceless,B,T,internal,AH0 B AW1 T,481.5,849.3,520.6,1052.1,888.6,1613.5,1118.9,1624.4,540.4,1306.1
Sara,female,Italian,LWC,AW,1,ABOUT,687.6,2202.9,0.330633823,0.603026718,0.2,stop,apical,voiceless,B,T,internal,AH0 B AW1 T,633.4,2157.1,735.9,2222.5,817.6,2214.7,822.6,2080.3,825.7,1819.4
Sara,female,Italian,LWC,AW,1,ABOUT,716.2,1573.4,0.500300482,-0.427983803,0.23,stop,apical,voiceless,B,T,internal,AH0 B AW1 T,720.9,1574.9,750.6,1639.4,688.4,1854.3,565.2,2105.4,556.8,2381
Marta,female,Italian,UWC,AW,1,ABOUT,474.1,684,-0.761590519,-1.545272811,0.13,stop,apical,voiceless,B,T,internal,AH0 B AW1 T,437.4,524.3,473.7,714.8,698.9,1130.2,667.8,944.2,604.2,696.4
Marta,female,Italian,UWC,AW,1,ABOUT,487.2,782.3,-0.648567662,-1.407067075,0.14,stop,apical,voiceless,B,T,internal,AH0 B AW1 T,475,643.5,485.9,782,536.1,731.7,677.7,896.2,425.3,941.2
Marta,female,Italian,UWC,AW,1,ABOUT,528.9,1700.5,-0.288792615,-0.116115837,0.09,stop,apical,voiceless,B,T,internal,AH0 B AW1 T,528.9,1700.5,502.8,1141.5,463.6,963.3,377.5,1021.9,647.1,1497.4
Marta,female,Italian,UWC,AW,1,ABOUT,543.8,2455,-0.1602399,0.94467997,0.11,stop,apical,voiceless,B,T,internal,AH0 B AW1 T,476.2,2144.6,557.9,2479.3,695.3,2750.8,765,2342.2,846.7,2162.1
Marta,female,Italian,UWC,AW,1,ABOUT,557,801.4,-0.046354274,-1.380213265,0.09,stop,apical,voiceless,B,T,internal,AH0 B AW1 T,523.8,749.9,571.6,802.2,747.6,818.3,706.4,893.4,584.6,801.8
Marta,female,Italian,UWC,AW,1,ABOUT,635.9,2537.6,0.634371176,1.060812155,0.07,stop,apical,voiceless,B,T,internal,AH0 B AW1 T,635.9,2537.6,634.5,2504,620.1,2484.8,717.8,2563.6,760.7,2516.5
Fabiana,female,Italian,UWC,AW,1,ABOUT,558.1,1938.4,-0.03583828,0.42875323,0.09,stop,apical,voiceless,B,T,internal,AH0 B AW1 T,423.9,1701.9,570.6,1963.3,662.8,2132.3,632,1730.5,739.2,2130.4
Fabiana,female,Italian,UWC,AW,1,ABOUT,573.3,744.3,0.074132179,-1.474408205,0.11,stop,apical,voiceless,B,T,internal,AH0 B AW1 T,493.5,1024.8,586.6,780.6,594,855.5,694.9,835.3,661.2,868.5
Fabiana,female,Italian,UWC,AW,1,ABOUT,578.2,2166.4,0.109583183,0.792140557,0.07,stop,apical,voiceless,B,T,internal,AH0 B AW1 T,546.5,2131.6,578.2,2166.4,673.2,2156.4,708.9,2053.4,713,2028.5
Fabiana,female,Italian,UWC,AW,1,ABOUT,594.5,2280.5,0.227512031,0.973993601,0.1,stop,apical,voiceless,B,T,internal,AH0 B AW1 T,560.8,2142.3,598.4,2266.1,664.6,2194.1,729.6,2164.3,736.6,2129.2
Fabiana,female,Italian,UWC,AW,1,ABOUT,614,2190.7,0.368592555,0.830869996,0.14,stop,apical,voiceless,B,T,internal,AH0 B AW1 T,463.5,2033.2,624.9,2201.3,721.2,2227.6,758.2,2232.3,712,2122.3
Fabiana,female,Italian,UWC,AW,1,ABOUT,634.8,2082.9,0.519078447,0.659057918,0.11,stop,apical,voiceless,B,T,internal,AH0 B AW1 T,634.8,2082.9,546,1795.5,543.2,1927.1,626.6,2424.1,590.3,1145.3
Fabiana,female,Italian,UWC,AW,1,ABOUT,676.7,1974.4,0.8222207,0.486130177,0.11,stop,apical,voiceless,B,T,internal,AH0 B AW1 T,599.8,1736.4,655.1,1820,728.7,1716.7,811.9,2113.7,819.3,2189.2
Maria,female,Italian,MC,AW,1,ABOUT,405.4,860.5,-1.326722813,-1.005850085,0.06,stop,apical,voiceless,B,T,internal,AH0 B AW1 T,411.4,938.3,409.8,901.8,422.5,810.4,444.6,988.4,441.3,988.4
Maria,female,Italian,MC,AW,1,ABOUT,461.9,651.7,-0.898132199,-1.264721886,0.09,stop,apical,voiceless,B,T,internal,AH0 B AW1 T,423.1,656.2,486.8,647.5,550,702,553.6,789.5,533.9,780
Maria,female,Italian,MC,AW,1,ABOUT,465,1676.9,-0.874616608,0.00632874,0.12,stop,apical,voiceless,B,T,internal,AH0 B AW1 T,408.7,1514.4,576.5,1915.5,613.7,1779.5,723.7,3079,629.6,2105.1
Maria,female,Italian,MC,AW,1,ABOUT,521.3,832.5,-0.44754313,-1.040564694,0.06,stop,apical,voiceless,B,T,internal,AH0 B AW1 T,521.3,830.9,521.2,831.9,530.6,852.3,509.4,934.5,507.4,942
Maria,female,Italian,MC,AW,1,ABOUT,548.7,1416.5,-0.239695646,-0.316517127,0.11,stop,apical,voiceless,B,T,internal,AH0 B AW1 T,548.7,1416.5,517.7,1321.8,439.2,1156.8,647.8,1645.1,678.7,1681
Maria,female,Italian,MC,AW,1,ABOUT,601.7,1567.2,0.162345106,-0.12967814,0.1,stop,apical,voiceless,B,T,internal,AH0 B AW1 T,507,1228.6,613.6,1566.4,704.8,1622.7,789.7,1709.5,820.5,1497.4
Maria,female,Italian,MC,AW,1,ABOUT,607.5,1751.4,0.206342019,0.098694397,0.13,stop,apical,voiceless,B,T,internal,AH0 B AW1 T,520.9,1469.8,615.7,1808,655.7,1304,711.6,1154.5,637.6,1059.6
Maria,female,Italian,MC,AW,1,ABOUT,631.3,2729.5,0.386881074,1.311350091,0.1,stop,apical,voiceless,B,T,internal,AH0 B AW1 T,585.3,2645,636.1,2719,672.3,2527.4,697.3,1976,695.3,1718.7
Maria,female,Italian,MC,AW,1,ABOUT,642.2,1573.3,0.469564926,-0.122115314,0.12,stop,apical,voiceless,B,T,internal,AH0 B AW1 T,548.5,1443,666.3,1580.2,824,1658.9,894.8,1718,795.8,1595.4
Maria,female,Italian,MC,AW,1,ABOUT,412.2,817.7,-1.171981688,-1.132055972,0.19,stop,apical,voiceless,B,T,internal,AH0 B AW1 T,506.3,702.6,398.4,828.8,631.8,1096.4,403,902,306.4,971.6
Maria,female,Italian,MC,AW,1,ABOUT,534.7,719.7,-0.266565327,-1.245787286,0.07,stop,apical,voiceless,B,T,internal,AH0 B AW1 T,511.7,714.4,534.7,719.7,671.6,759.5,587.5,827.2,534.4,839.3
Maria,female,Italian,MC,AW,1,ABOUT,619.3,1599,0.358726298,-0.225338871,0.12,stop,apical,voiceless,B,T,internal,AH0 B AW1 T,492.6,1519.6,634.4,1557.6,699.6,1593.1,720.4,1379.6,655.7,1446.4
Maria,female,Italian,MC,AW,1,ABOUT,620,1722,0.363900106,-0.082594466,0.13,stop,apical,voiceless,B,T,internal,AH0 B AW1 T,476.3,2266.3,628.8,1719.7,683.4,1513,770.4,1559.6,762.5,1667.7
Maria,female,Italian,MC,AW,1,ABOUT,679.1,2677.4,0.800717305,1.026169797,0.05,stop,apical,voiceless,B,T,internal,AH0 B AW1 T,679.1,2677.4,679.1,2677.4,702.8,2763.3,742.1,2718.8,742.1,2718.8
Maria,female,Italian,MC,AW,1,ABOUT,388.8,773.8,-1.309959333,-1.138783203,0.12,stop,apical,voiceless,B,T,internal,AH0 B AW1 T,406.1,651.4,384.1,796.1,492,864,385,859.6,416.4,802
Maria,female,Italian,MC,AW,1,ABOUT,556.1,1668.7,-0.108982737,-0.097133461,0.08,stop,apical,voiceless,B,T,internal,AH0 B AW1 T,571.9,1937.5,558.7,1635.9,584.4,1430.1,648.2,1823.1,741.1,2245.3
Maria,female,Italian,MC,AW,1,ABOUT,601.2,893.9,0.214771264,-0.998988663,0.16,stop,apical,voiceless,B,T,internal,AH0 B AW1 T,603.9,884.9,550.7,919.4,501,955.1,658.8,939.5,762.7,848.5
Maria,female,Italian,MC,AW,1,ABOUT,677.4,2342.1,0.761779134,0.686693711,0.12,stop,apical,voiceless,B,T,internal,AH0 B AW1 T,670.4,2348.8,754.2,2476.7,714.9,1290.1,780.7,1098.2,666.4,1039.1
Maria,female,Italian,MC,AW,1,ABOUT,903,3155.5,2.381266999,1.633478716,0.05,stop,apical,voiceless,B,T,internal,AH0 B AW1 T,903,3155.5,903,3155.5,923.6,3117.1,890,3129.9,890,3129.9
Liliana,female,Italian,MC,AW,1,ABOUT,547.2,1853.3,-0.350542127,0.04948793,0.12,stop,apical,voiceless,B,T,internal,AH0 B AW1 T,487,1777.2,633.7,1982.3,590.5,1014.1,772.5,1796.9,756.1,1604.4
Liliana,female,Italian,MC,AW,1,ABOUT,641,1397.8,0.279960997,-0.697875232,0.11,stop,apical,voiceless,B,T,internal,AH0 B AW1 T,563,1590,657,1299.3,750.4,981,782.6,1065.5,752.5,1459.2
Liliana,female,Italian,MC,AW,1,ABOUT,651.4,2057.3,0.349867526,0.384201619,0.14,stop,apical,voiceless,B,T,internal,AH0 B AW1 T,560,1817.3,738.9,2143.5,756.3,1895.6,801.5,2006.4,794.7,1985.2
Liliana,female,Italian,MC,AW,1,ABOUT,654,2122.6,0.367344159,0.491342814,0.18,stop,apical,voiceless,B,T,internal,AH0 B AW1 T,461.4,1951.7,711.9,2244.2,735.5,2113.5,778.8,2016.1,767.8,1447.7
Liliana,female,Italian,MC,AW,1,ABOUT,683.2,2209,0.563620184,0.633103905,0.1,stop,apical,voiceless,B,T,internal,AH0 B AW1 T,656.2,2059.8,722.9,2345.7,713.3,1970.6,730.5,1538.8,820.8,1950.7
Liliana,female,Italian,MC,AW,1,ABOUT,686.8,1998.2,0.587818598,0.287233094,0.13,stop,apical,voiceless,B,T,internal,AH0 B AW1 T,508.5,1852.9,710.5,2012.5,749.3,1528.1,769.4,1939.9,759.9,2018.5
Liliana,female,Italian,MC,AW,1,ABOUT,723.4,2158.8,0.833835808,0.550738086,0.15,stop,apical,voiceless,B,T,internal,AH0 B AW1 T,673.9,2121.7,728.4,2153.8,736.7,831.8,676.4,837.7,821,1184.1
Liliana,female,Italian,MC,AW,1,ABOUT,753.8,2338.8,1.038177972,0.846073693,0.23,stop,apical,voiceless,B,T,internal,AH0 B AW1 T,680.4,1962.1,752,2325.5,766.2,2153.7,814.3,1709.3,818.9,1582.4
Liliana,female,Italian,MC,AW,1,ABOUT,757.7,2469.4,1.06439292,1.060356084,0.2,stop,apical,voiceless,B,T,internal,AH0 B AW1 T,682.9,2298.6,761.2,2431.2,819.2,2236.6,841.7,2183.4,847,1847.8
Liliana,female,Italian,MC,AW,1,ABOUT,789.3,2432.1,1.276801222,0.999155983,0.23,stop,apical,voiceless,B,T,internal,AH0 B AW1 T,604.8,2010.2,738.3,2244.6,856.1,2210,894.7,1954.3,848.6,1478.9
Liliana,female,Italian,MC,AW,1,ABOUT,491.7,1537,-0.699886327,-0.396424888,0.1,stop,apical,voiceless,B,T,internal,AH0 B AW1 T,343.9,1047,505,1574.6,680.8,1566.7,719.3,1620.6,725.5,1792.9
Liliana,female,Italian,MC,AW,1,ABOUT,634.5,1265.8,0.246185795,-0.843040573,0.12,stop,apical,voiceless,B,T,internal,AH0 B AW1 T,633.3,2136,633,954.9,707.7,807.7,745.7,882.5,792.1,943.8
Liliana,female,Italian,MC,AW,1,ABOUT,709.5,2180.1,0.743072413,0.662640552,0.21,stop,apical,voiceless,B,T,internal,AH0 B AW1 T,658.3,2138.7,724.8,2213.1,793.4,2073.4,779.4,2022.4,748.6,1944.3
Liliana,female,Italian,MC,AW,1,ABOUT,718.2,2160.2,0.699092892,0.502176946,0.26,stop,apical,voiceless,B,T,internal,AH0 B AW1 T,629.4,2021.8,725.1,2164.5,836.3,1740.9,844.9,1456.5,793.6,1513.2
Liliana,female,Italian,MC,AW,1,ABOUT,726.4,2148,0.754080218,0.481728691,0.15,stop,apical,voiceless,B,T,internal,AH0 B AW1 T,617.7,2065.3,745.3,2154.4,769.4,1989.3,834.4,1848.8,808,1788.5
Liliana,female,Italian,MC,AW,1,ABOUT,770.2,2274.3,1.047793009,0.693418411,0.38,stop,apical,voiceless,B,T,internal,AH0 B AW1 T,771.3,2276.2,763,1653.6,851.6,1549.6,798.3,1456,902.3,1290
Eva,female,Italian,LWC,AW,1,ABOUT,560.7,2012.9,0.066895379,0.478653845,0.16,stop,apical,voiceless,B,T,internal,AH0 B AW1 T,356.6,2129.4,604.4,1992.4,704.7,2027,728.5,2062.7,723.2,2015.7
Eva,female,Italian,LWC,AW,1,ABOUT,567.4,2133.5,0.115459325,0.766601476,0.14,stop,apical,voiceless,B,T,internal,AH0 B AW1 T,524.9,2296.9,582.9,1606.6,619.1,1557.3,696.5,1427.5,654.2,1655.9
Eva,female,Italian,LWC,AW,1,ABOUT,589.1,1891.9,0.272748526,0.189751163,0.13,stop,apical,voiceless,B,T,internal,AH0 B AW1 T,512.2,2024.6,601.5,1891.9,683.9,1923.5,708.8,1870,652.8,1897.5
Eva,female,Italian,LWC,AW,1,ABOUT,647.4,1962,0.695327345,0.357123709,0.16,stop,apical,voiceless,B,T,internal,AH0 B AW1 T,532.2,1966.3,686.9,1970.3,713.8,1917.6,685.8,1789.4,680.4,1860.1
Eva,female,Italian,LWC,AW,1,ABOUT,713.4,1945.2,1.173718462,0.317011601,0.26,stop,apical,voiceless,B,T,internal,AH0 B AW1 T,641.8,1880.6,774.5,1787.3,670.1,995.2,753.9,2012.5,887.4,1928.8
Eva,female,Italian,LWC,AW,1,ABOUT,484.9,1740.2,-0.688198136,-0.068640779,0.07,stop,apical,voiceless,B,T,internal,AH0 B AW1 T,447.4,1703.9,484.9,1740.2,576.4,1858.6,613.6,1846.1,620.6,1849.1
Eva,female,Italian,LWC,AW,1,ABOUT,495.5,1760.9,-0.609240545,-0.019478094,0.05,stop,apical,voiceless,B,T,internal,AH0 B AW1 T,495.5,1760.9,495.5,1760.9,554,1999.8,603.7,2173.1,603.7,2173.1
Eva,female,Italian,LWC,AW,1,ABOUT,570.6,1825.5,-0.049833458,0.133947482,0.15,stop,apical,voiceless,B,T,internal,AH0 B AW1 T,505.1,1727.5,596.6,1848.1,606.5,2008.4,722.1,1885.2,603.1,1958.5
Eva,female,Italian,LWC,AW,1,ABOUT,579.4,2087.2,0.01571624,0.755487316,0.07,stop,apical,voiceless,B,T,internal,AH0 B AW1 T,557,2126.2,579.4,2087.2,642.9,2056.8,649.7,2117.4,641.6,2128.4
Eva,female,Italian,LWC,AW,1,ABOUT,580.8,1751.8,0.026144602,-0.041090676,0.17,stop,apical,voiceless,B,T,internal,AH0 B AW1 T,392.3,1415.4,630.9,1851.6,720.9,1948.7,794,1782.9,806.5,1577.4
Eva,female,Italian,LWC,AW,1,ABOUT,598.5,1920.1,0.157988882,0.358623326,0.12,stop,apical,voiceless,B,T,internal,AH0 B AW1 T,481.7,1869.2,596.2,1887.1,619.7,1354.2,768.9,1902.1,731.5,1924
Eva,female,Italian,LWC,AW,1,ABOUT,600,1765.9,0.169162126,-0.00760305,0.12,stop,apical,voiceless,B,T,internal,AH0 B AW1 T,470.1,1636.4,613.7,1783.2,719.4,1871.8,762.7,1858.2,743,1659.6
Eva,female,Italian,LWC,AW,1,ABOUT,644.3,1824,0.499145267,0.130384968,0.12,stop,apical,voiceless,B,T,internal,AH0 B AW1 T,513.5,1738.6,656,1829.7,787,1765.2,568.6,1143.9,757.9,1489.5
Eva,female,Italian,LWC,AW,1,ABOUT,647,1914.3,0.519257107,0.344848274,0.18,stop,apical,voiceless,B,T,internal,AH0 B AW1 T,586.4,2067.6,666.9,1914.6,776.8,1917.7,800.1,1769.8,683.6,1794.2
Eva,female,Italian,LWC,AW,1,ABOUT,688.7,1923.7,0.829873292,0.367173358,0.23,stop,apical,voiceless,B,T,internal,AH0 B AW1 T,634.2,1862.2,738.9,1915.1,813.5,1882.8,838.2,1634.5,727.5,1128.1
Philip,male,Anglo,LWC,AW,1,ABOUT,418.4,1963.8,-0.59799862,1.02589081,0.11,stop,apical,voiceless,B,T,internal,AH0 B AW1 T,396.4,1976.8,420.7,1967.9,446.6,1940.4,480,1900.8,472.5,1840.5
Philip,male,Anglo,LWC,AW,1,ABOUT,428.5,1928.7,-0.482623846,0.930940458,0.12,stop,apical,voiceless,B,T,internal,AH0 B AW1 T,388.8,1871,435.1,1927.4,472.5,1866.8,511.3,1773.5,510.8,1700.7
Philip,male,Anglo,LWC,AW,1,ABOUT,436.9,1783.6,-0.386668588,0.538424903,0.15,stop,apical,voiceless,B,T,internal,AH0 B AW1 T,397.6,1604.9,445.8,1789.3,478.7,1755.6,507.5,1629.5,521.5,1605.9
Philip,male,Anglo,LWC,AW,1,ABOUT,439.5,1621.1,-0.356968151,0.098839942,0.07,stop,apical,voiceless,B,T,internal,AH0 B AW1 T,433.1,1596.4,439.3,1616.7,451.2,1684.8,467.8,1706.9,468.6,1596.6
Philip,male,Anglo,LWC,AW,1,ABOUT,443.9,1853.3,-0.306705873,0.726973037,0.07,stop,apical,voiceless,B,T,internal,AH0 B AW1 T,436.5,1844.3,442.7,1852.7,467.6,1837.7,489.3,1780.8,499,1765.2
Philip,male,Anglo,LWC,AW,1,ABOUT,450.7,2013.8,-0.229027807,1.161147721,0.1,stop,apical,voiceless,B,T,internal,AH0 B AW1 T,426.8,2025.9,455.9,2009.8,478.8,1947.2,483.4,1891.6,487.6,1870.9
Philip,male,Anglo,LWC,AW,1,ABOUT,466.7,1850.7,-0.046255887,0.719939677,0.22,stop,apical,voiceless,B,T,internal,AH0 B AW1 T,445.1,1909.9,475.7,1817.6,512.1,1732,535,1658.1,535.1,1683.2
Philip,male,Anglo,LWC,AW,1,ABOUT,466.7,1838,-0.046255887,0.685584422,0.1,stop,apical,voiceless,B,T,internal,AH0 B AW1 T,452.8,1829.8,467.9,1838.5,491,1747.9,478.5,1614.8,463.8,1472.1
Philip,male,Anglo,LWC,AW,1,ABOUT,470.2,1824.1,-0.00627453,0.647983001,0.09,stop,apical,voiceless,B,T,internal,AH0 B AW1 T,429.6,1763.7,471.5,1826.7,501.3,1781.1,538,1747.6,533.5,1723.7
Philip,male,Anglo,LWC,AW,1,ABOUT,488.7,1695.9,0.205055502,0.301184281,0.06,stop,apical,voiceless,B,T,internal,AH0 B AW1 T,487,1698.5,487.6,1697.3,493.7,1684.3,487.1,1668.9,486.5,1665.8
Philip,male,Anglo,LWC,AW,1,ABOUT,491.4,1844.5,0.235898264,0.70316782,0.16,stop,apical,voiceless,B,T,internal,AH0 B AW1 T,434.7,1774.1,510.7,1824.9,547.7,1814.2,575.6,1778.7,592.9,1758.1
Philip,male,Anglo,LWC,AW,1,ABOUT,499.5,1952.9,0.328426548,0.996404803,0.19,stop,apical,voiceless,B,T,internal,AH0 B AW1 T,462.9,1889.3,498.7,1958.7,519.8,1926.6,558.3,1812,567.3,1801.2
Philip,male,Anglo,LWC,AW,1,ABOUT,500.2,1803.6,0.33642282,0.592527667,0.07,stop,apical,voiceless,B,T,internal,AH0 B AW1 T,497.6,1821.5,500.2,1803.6,508.8,1682.7,515,1717.8,511.4,1716
Philip,male,Anglo,LWC,AW,1,ABOUT,507.6,1827.5,0.420954833,0.657180471,0.1,stop,apical,voiceless,B,T,internal,AH0 B AW1 T,495.1,1754.6,509.6,1822.2,533.5,1749.4,561.6,1670.3,571.2,1658.8
Philip,male,Anglo,LWC,AW,1,ABOUT,633,1543.3,1.853429754,-0.111619812,0.05,stop,apical,voiceless,B,T,internal,AH0 B AW1 T,632.7,1545.8,632.7,1545.8,637.9,1537.7,635.7,1524.7,635.7,1524.7
Mitch,male,Anglo,LWC,AW,1,ABOUT,398.4,2230.7,-1.081762015,1.28012039,0.13,stop,apical,voiceless,B,T,internal,AH0 B AW1 T,372.6,2176.1,408.9,2232.3,469,2300.1,500.4,1875.9,489,2520.7
Mitch,male,Anglo,LWC,AW,1,ABOUT,427.6,2282.7,-0.645054574,1.379909555,0.12,stop,apical,voiceless,B,T,internal,AH0 B AW1 T,423,2184.5,428.5,2293.2,445.1,2115.1,466.3,1639,485.7,1122.3
Mitch,male,Anglo,LWC,AW,1,ABOUT,433.3,1837.4,-0.559806889,0.525368875,0.06,stop,apical,voiceless,B,T,internal,AH0 B AW1 T,429.1,1838.6,432,1838.8,447.2,1790.5,463,1678.3,464.3,1668.9
Mitch,male,Anglo,LWC,AW,1,ABOUT,439.2,1979.8,-0.471568057,0.798637667,0.11,stop,apical,voiceless,B,T,internal,AH0 B AW1 T,415.2,1931,446,1991.1,483,1810.3,502.5,1611.3,476.4,1355.8
Mitch,male,Anglo,LWC,AW,1,ABOUT,448,2284,-0.339957596,1.382404284,0.13,stop,apical,voiceless,B,T,internal,AH0 B AW1 T,431.9,2173.4,456.6,2336,490.5,2151.4,509,1969.8,488.8,1831.9
Mitch,male,Anglo,LWC,AW,1,ABOUT,473.5,1326.6,0.041413628,-0.454867772,0.07,stop,apical,voiceless,B,T,internal,AH0 B AW1 T,463.3,1293.2,472.1,1321,493.3,1394.1,479.7,1347.7,446.4,1166.7
Daniel,male,Italian,MC,AW,1,ABOUT,561.1,1734.5,0.045629607,0.220533141,0.12,stop,apical,voiceless,B,T,internal,AH0 B AW1 T,422.6,2235.6,584.4,1786.8,645.8,1805.5,678.6,1702.7,667.7,1568.1
Daniel,male,Italian,MC,AW,1,ABOUT,666,1835.6,0.903762344,0.388748427,0.16,stop,apical,voiceless,B,T,internal,AH0 B AW1 T,578.6,1710.1,680.5,1856.4,716.8,1763.5,714.6,1607.9,601.9,1466.3
Daniel,male,Italian,MC,AW,1,ABOUT,504.5,743.9,-0.331018931,-1.355047746,0.12,stop,apical,voiceless,B,T,internal,AH0 B AW1 T,386.4,841.8,532.7,757,564.5,775,549.1,699.2,524.2,705.1
Daniel,male,Italian,MC,AW,1,ABOUT,536.8,794.4,-0.076416335,-1.276622088,0.12,stop,apical,voiceless,B,T,internal,AH0 B AW1 T,486,737.6,565.3,785.7,646.9,930.1,628.7,852.7,566.4,782.1
Daniel,male,Italian,MC,AW,1,ABOUT,554.3,1736.9,0.061526249,0.187064685,0.09,stop,apical,voiceless,B,T,internal,AH0 B AW1 T,503.2,1667.1,559,1753.1,618.4,1812.8,646.9,1656.2,655.8,1529.1
Daniel,male,Italian,MC,AW,1,ABOUT,571.4,749.4,0.196315859,-1.346506338,0.13,stop,apical,voiceless,B,T,internal,AH0 B AW1 T,470.6,694.9,615.8,753.6,619.7,744.2,673.5,827.4,616.4,752.9
Daniel,male,Italian,MC,AW,1,ABOUT,572.9,877.7,0.208139509,-1.147258578,0.14,stop,apical,voiceless,B,T,internal,AH0 B AW1 T,514.7,829.6,587.3,862.3,623.8,780,673.1,785.3,676.4,767.6
Daniel,male,Italian,MC,AW,1,ABOUT,607.9,1896.9,0.484024675,0.435542016,0.14,stop,apical,voiceless,B,T,internal,AH0 B AW1 T,551.7,2030.6,625.3,1860,669.1,1790.6,715.1,1496.1,718.1,1314.3
Daniel,male,Italian,MC,AW,1,ABOUT,608.3,954.7,0.487177649,-1.027678863,0.22,stop,apical,voiceless,B,T,internal,AH0 B AW1 T,560,874.6,647.3,915.1,729.3,1000.4,547.9,916.2,547.6,997.3
Daniel,male,Italian,MC,AW,1,ABOUT,610.7,925.7,0.506095488,-1.072715379,0.15,stop,apical,voiceless,B,T,internal,AH0 B AW1 T,573.1,833,645.3,849.7,620.1,766.9,457.7,818.1,580.9,781.5
Daniel,male,Italian,MC,AW,1,ABOUT,631.4,1881.4,0.669261858,0.411470774,0.26,stop,apical,voiceless,B,T,internal,AH0 B AW1 T,576.9,1875.6,647.5,1878.3,779.7,1593.2,773.6,1380.4,703.1,1299.9
Daniel,male,Italian,MC,AW,1,ABOUT,650.1,2517.9,0.816663362,1.399944654,0.24,stop,apical,voiceless,B,T,internal,AH0 B AW1 T,620.5,2358.4,662.7,2290.5,791.1,2004.1,748,1578.1,607.6,1478.3
Daniel,male,Italian,MC,AW,1,ABOUT,732,2294.6,1.462234651,1.05316348,0.18,stop,apical,voiceless,B,T,internal,AH0 B AW1 T,556.1,1880.7,618.7,2048.3,687.6,1914.8,758.1,1708,757.6,1507.4
Daniel,male,Italian,MC,AW,1,ABOUT,787.3,2164,1.898133214,0.850343859,0.19,stop,apical,voiceless,B,T,internal,AH0 B AW1 T,522.8,1889.7,608.8,1982.8,685.1,1978,769.8,1415,649.3,1400.2
Fay,female,Anglo,UWC,AW,1,ABOUT,514,1615.3,-0.369154379,-0.242704204,0.14,stop,apical,voiceless,B,T,internal,AH0 B AW1 T,495.4,1570.2,642.5,2082.7,378.4,843.8,529.6,1308.2,859.8,2077.5
Fay,female,Anglo,UWC,AW,1,ABOUT,593.7,1468.5,0.296566027,-0.487052721,0.15,stop,apical,voiceless,B,T,internal,AH0 B AW1 T,580.7,1494.8,635.1,1452.8,602.8,1198.5,601.6,1253.9,595.9,1851
Fay,female,Anglo,UWC,AW,1,ABOUT,613.8,2243.9,0.464457873,0.803600143,0.13,stop,apical,voiceless,B,T,internal,AH0 B AW1 T,528.1,2070.8,619.8,2255.2,648.7,2113.4,693.8,1998,564.8,1674
Fay,female,Anglo,UWC,AW,1,ABOUT,617,2275.2,0.491186923,0.855698975,0.19,stop,apical,voiceless,B,T,internal,AH0 B AW1 T,600.5,2286.7,629.9,2249.1,790,2076.3,828.2,1713.1,817.2,1602.9
Fay,female,Anglo,UWC,AW,1,ABOUT,618.5,2347,0.503716166,0.975210035,0.11,stop,apical,voiceless,B,T,internal,AH0 B AW1 T,538.7,2225.3,630.2,2307.7,672.8,2158.2,738.9,2066.5,665.8,2189.2
Fay,female,Anglo,UWC,AW,1,ABOUT,623.2,1616,0.542974458,-0.241539054,0.15,stop,apical,voiceless,B,T,internal,AH0 B AW1 T,496,1431.8,658.3,1789.9,703.5,2261.3,816.7,2199.7,777.9,2140.9
Fay,female,Anglo,UWC,AW,1,ABOUT,652.6,1975.7,0.788547606,0.357181394,0.2,stop,apical,voiceless,B,T,internal,AH0 B AW1 T,565.4,1740.1,712.2,1999.4,837.1,1922.8,841.1,1765.7,845.6,1778.2
Fay,female,Anglo,UWC,AW,1,ABOUT,659,2060.2,0.842005707,0.497831596,0.11,stop,apical,voiceless,B,T,internal,AH0 B AW1 T,557,2096,686.6,2047.8,768.4,2204.6,641.5,1685.6,615.5,1218.8
Fay,female,Anglo,UWC,AW,1,ABOUT,661.6,2102.7,0.86372306,0.568572822,0.12,stop,apical,voiceless,B,T,internal,AH0 B AW1 T,585.3,2160.8,671,2084,747.5,2011.5,774.9,1818.7,811.4,1691.5
Fay,female,Anglo,UWC,AW,1,ABOUT,743.2,2197.5,1.545313839,0.726367369,0.27,stop,apical,voiceless,B,T,internal,AH0 B AW1 T,608.7,2276.7,770.8,2101.6,859.7,1723.3,706.9,1510.6,675.3,1309.1
Violetta,female,Italian,LWC,AW,1,ABOUT,489.9,1910.1,-0.243901356,0.455535625,0.2,stop,apical,voiceless,B,T,internal,AH0 B AW1 T,472.6,1878,556,2094.8,481.4,793,510.2,1644.3,609.6,1683.4
Violetta,female,Italian,LWC,AW,1,ABOUT,509.6,1911.3,-0.107387705,0.458246781,0.13,stop,apical,voiceless,B,T,internal,AH0 B AW1 T,428,1770.6,521.1,1877.4,596.1,1823.4,709.8,1776.8,707.6,1707.9
Violetta,female,Italian,LWC,AW,1,ABOUT,565.8,1926.6,0.282057331,0.492814016,0.06,stop,apical,voiceless,B,T,internal,AH0 B AW1 T,565.8,1926.6,563.7,1924.3,546.1,1890.2,545.5,1848.9,545.5,1848.9
Violetta,female,Italian,LWC,AW,1,ABOUT,615.9,2007.4,0.629231643,0.675365167,0.17,stop,apical,voiceless,B,T,internal,AH0 B AW1 T,501.2,1955.2,636.8,1992.9,732.9,2021,748.4,1791.9,733,1714.3
Violetta,female,Italian,LWC,AW,1,ABOUT,621.3,2090.2,0.666651629,0.862434911,0.07,stop,apical,voiceless,B,T,internal,AH0 B AW1 T,605.2,2083.2,621.3,2090.2,656.5,2012,718.1,1951.7,720,1962.7
Violetta,female,Italian,LWC,AW,1,ABOUT,658.2,2121.2,0.922354864,0.9324731,0.09,stop,apical,voiceless,B,T,internal,AH0 B AW1 T,658.2,2121.2,657.1,2045,647.7,1902.3,684.9,1739.5,714.5,1684.4
Violetta,female,Italian,LWC,AW,1,ABOUT,815.5,1951.2,2.012385187,0.548392708,0.08,stop,apical,voiceless,B,T,internal,AH0 B AW1 T,813.6,1979.4,823.4,1878.8,817.7,1826.5,771.4,1708.7,666.2,1686.7
Phil,male,Italian,LWC,AW,1,ABOUT,481.9,1759.3,-0.516341048,1.171749582,0.08,stop,apical,voiceless,B,T,internal,AH0 B AW1 T,469.2,1746.4,484.5,1758.2,548.3,1735.7,573.9,1667.2,568.9,1644.9
Phil,male,Italian,LWC,AW,1,ABOUT,510.9,1679.7,-0.237736786,0.922387696,0.14,stop,apical,voiceless,B,T,internal,AH0 B AW1 T,475.1,1669.9,529,1696.7,612.1,1580,633.3,1579.5,592.2,1556.1
Phil,male,Italian,LWC,AW,1,ABOUT,526,1815.3,-0.092670429,1.347180055,0.15,stop,apical,voiceless,B,T,internal,AH0 B AW1 T,484.1,1733.3,542.8,1827.3,559.4,1795.2,600.2,1746.4,619.3,1681.3
Alonso,male,Italian,LWC,AW,1,ABOUT,465.7,2131,-0.202427749,1.126744056,0.11,stop,apical,voiceless,B,T,internal,AH0 B AW1 T,485.2,1965,469.4,2162.7,531,2198.9,561.9,1958.9,550.1,1866.5
Luigi,male,Italian,UWC,AW,1,ABOUT,488.2,1699.7,-0.400333527,0.153690411,0.14,stop,apical,voiceless,B,T,internal,AH0 B AW1 T,474.2,1611.1,509,1704.8,584.6,1687.9,631.3,1631.6,520.1,1500.3
Luigi,male,Italian,UWC,AW,1,ABOUT,499.7,1728.6,-0.3011414,0.221553018,0.17,stop,apical,voiceless,B,T,internal,AH0 B AW1 T,465,1660.8,520.6,1761.5,571,1502,581.9,1042,601.1,1047.1
Luigi,male,Italian,UWC,AW,1,ABOUT,500.6,1664.2,-0.293378538,0.070329768,0.13,stop,apical,voiceless,B,T,internal,AH0 B AW1 T,476.6,1588.8,508.3,1676.5,569.2,1636.9,603.2,1524.1,567.1,1369.5
Luigi,male,Italian,UWC,AW,1,ABOUT,501.6,1691.2,-0.284753136,0.13373082,0.14,stop,apical,voiceless,B,T,internal,AH0 B AW1 T,488.7,1621.2,530.7,1716.5,545.5,1596.4,551.2,1509.7,561.2,1393.9
Luigi,male,Italian,UWC,AW,1,ABOUT,504.8,1784.7,-0.257151849,0.353286316,0.23,stop,apical,voiceless,B,T,internal,AH0 B AW1 T,480.5,1677.7,534.9,1731.1,564.8,1493.9,643.8,1371.5,610.2,1352.5
Luigi,male,Italian,UWC,AW,1,ABOUT,523.1,1698.6,-0.099306986,0.151107405,0.19,stop,apical,voiceless,B,T,internal,AH0 B AW1 T,484.4,1618.1,570.3,1712.9,634,1656.7,716.3,1550.1,642.4,1538
Luigi,male,Italian,UWC,AW,1,ABOUT,525.2,1618.3,-0.081193641,-0.037452021,0.06,stop,apical,voiceless,B,T,internal,AH0 B AW1 T,521.2,1608.8,522.2,1611.7,550.5,1664.1,569.5,1677.2,570.6,1676.4
Luigi,male,Italian,UWC,AW,1,ABOUT,539.2,1779.9,0.039561991,0.342015018,0.12,stop,apical,voiceless,B,T,internal,AH0 B AW1 T,496.9,1756.1,546.2,1773.3,573.5,1732.5,591.7,1685.2,585.7,1604.1
Luigi,male,Italian,UWC,AW,1,ABOUT,546.5,1735.5,0.102527428,0.237755509,0.21,stop,apical,voiceless,B,T,internal,AH0 B AW1 T,502.7,1692.9,544.6,1723.5,598.7,1632.5,570.2,1535.5,519.8,1460.2
Luigi,male,Italian,UWC,AW,1,ABOUT,548,1675,0.115465532,0.095690189,0.23,stop,apical,voiceless,B,T,internal,AH0 B AW1 T,518.1,1692.7,563.7,1655.1,659.6,1567.8,612,1481.2,472,1594
Luigi,male,Italian,UWC,AW,1,ABOUT,570,1561.9,0.305224382,-0.169889775,0.23,stop,apical,voiceless,B,T,internal,AH0 B AW1 T,553.2,1572.7,638.7,1659.9,675.7,1605.4,689.5,1515.7,646.4,1529.3
Luigi,male,Italian,UWC,AW,1,ABOUT,795.4,1580.9,2.249390064,-0.125274219,0.19,stop,apical,voiceless,B,T,internal,AH0 B AW1 T,577.1,1500.9,794.4,1576.7,769.6,1285.1,688.7,1204.1,549.7,1245.4
Mitchell,male,Anglo,LWC,AW,1,ABOUT,484.5,1701.5,-0.280932567,0.382120548,0.13,stop,apical,voiceless,B,T,internal,AH0 B AW1 T,453.6,1623,506.9,1723,534.3,1365.1,529.4,1264.8,542.9,1319.6
Mitchell,male,Anglo,LWC,AW,1,ABOUT,494,1692,-0.213197388,0.358860272,0.11,stop,apical,voiceless,B,T,internal,AH0 B AW1 T,447.3,1644.1,498.7,1705.1,535.7,1753.7,589.5,1695.3,578.1,1644.7
Mitchell,male,Anglo,LWC,AW,1,ABOUT,506.3,1422.8,-0.125498158,-0.300262499,0.07,stop,apical,voiceless,B,T,internal,AH0 B AW1 T,483.9,1351.2,502.1,1411.4,564,1536.7,569.5,1530.3,564.7,1514
Mitchell,male,Anglo,LWC,AW,1,ABOUT,518,1632.8,-0.042076938,0.213912025,0.17,stop,apical,voiceless,B,T,internal,AH0 B AW1 T,500.7,1561.6,555.6,1394.8,546.8,1477,622.2,1393.6,602.1,1170.3
Mitchell,male,Anglo,LWC,AW,1,ABOUT,526.2,1640.8,0.016389215,0.233499626,0.11,stop,apical,voiceless,B,T,internal,AH0 B AW1 T,427.7,1443.1,536.1,1668,578.8,1748.2,590.5,1823.9,656.2,1782.4
Mitchell,male,Anglo,LWC,AW,1,ABOUT,545.7,1564.4,0.155424581,0.046438037,0.13,stop,apical,voiceless,B,T,internal,AH0 B AW1 T,482.1,1382,553.5,1596.5,577.6,1636,590.9,1625.9,577.9,1603.8
Mitchell,male,Anglo,LWC,AW,1,ABOUT,584,1754.3,0.428504299,0.511398714,0.11,stop,apical,voiceless,B,T,internal,AH0 B AW1 T,526.6,1689.5,590.5,1756.8,625.6,1719.1,673.9,1592.7,707.8,1471.4
Mitchell,male,Anglo,LWC,AW,1,ABOUT,602,1541.5,0.556844637,-0.00963147,0.08,stop,apical,voiceless,B,T,internal,AH0 B AW1 T,543.9,1446.2,609.1,1551.4,690.6,1651.4,739.9,1646.8,749.6,1642.7
Mitchell,male,Anglo,LWC,AW,1,ABOUT,613.9,1650.6,0.64169186,0.257494437,0.08,stop,apical,voiceless,B,T,internal,AH0 B AW1 T,586.7,1652.2,613.9,1650.6,669.9,1733.9,684,1710.4,691.8,1697.3
Mitchell,male,Anglo,LWC,AW,1,ABOUT,623.9,1708.4,0.712992047,0.399014854,0.19,stop,apical,voiceless,B,T,internal,AH0 B AW1 T,556.3,1586.9,566.5,1523.4,581.4,1325.8,552.8,1347.5,662.8,1517.4
Mitchell,male,Anglo,LWC,AW,1,ABOUT,636.5,1381.4,0.802830284,-0.401628334,0.18,stop,apical,voiceless,B,T,internal,AH0 B AW1 T,594.2,1481.8,660.7,1370.5,718.2,1343.3,772.7,1348.6,779.6,1337.9
Lorraine,female,Italian,UWC,AW,1,ABOUT,519.3,1942.8,-0.423272946,0.186296849,0.08,stop,apical,voiceless,B,T,internal,AH0 B AW1 T,486.5,1892.2,527.3,1946.6,653.3,1993.4,584.9,1774,487.1,1425
Lorraine,female,Italian,UWC,AW,1,ABOUT,523.2,1960.6,-0.397277004,0.223559382,0.14,stop,apical,voiceless,B,T,internal,AH0 B AW1 T,413.8,1761.7,539.8,1995.5,634.5,2010,741.2,1884.9,672.2,1802.5
Lorraine,female,Italian,UWC,AW,1,ABOUT,530.3,2099.3,-0.349951059,0.513914067,0.1,stop,apical,voiceless,B,T,internal,AH0 B AW1 T,448.7,1983.9,542.3,2115.1,567.4,2031.2,630.9,1688,638.9,1873.1
Lorraine,female,Italian,UWC,AW,1,ABOUT,556.4,1985,-0.175978217,0.274638361,0.08,stop,apical,voiceless,B,T,internal,AH0 B AW1 T,547.9,1941.7,557.2,1994.1,611.4,2162.9,668.1,2152,696.1,2118.9
Lorraine,female,Italian,UWC,AW,1,ABOUT,562.7,1657,-0.133984772,-0.411997087,0.11,stop,apical,voiceless,B,T,internal,AH0 B AW1 T,507.6,1587.4,572.9,1704.6,556.5,1680.4,616,1441.3,650.6,1371.7
Lorraine,female,Italian,UWC,AW,1,ABOUT,568.5,1987.1,-0.09532414,0.279034502,0.09,stop,apical,voiceless,B,T,internal,AH0 B AW1 T,540.9,1933.5,580.3,1999.2,670.3,2050.8,687.9,1895.1,671.5,1732.2
Lorraine,female,Italian,UWC,AW,1,ABOUT,575.1,2027.6,-0.051331008,0.363817233,0.1,stop,apical,voiceless,B,T,internal,AH0 B AW1 T,500.1,1837.5,587.3,2051.2,672.1,2113.8,740.1,2027.2,746.6,1935.4
Lorraine,female,Italian,UWC,AW,1,ABOUT,587,1976.5,0.027989943,0.256844454,0.1,stop,apical,voiceless,B,T,internal,AH0 B AW1 T,585.6,1932.6,594.2,1991.6,696.1,2052.6,752,1832.6,754.5,1737
Lorraine,female,Italian,UWC,AW,1,ABOUT,590.1,1889.5,0.048653384,0.074718589,0.09,stop,apical,voiceless,B,T,internal,AH0 B AW1 T,584.5,1796.1,597.6,1912.5,675.2,1987.7,704.6,1875.1,696,1778
Lorraine,female,Italian,UWC,AW,1,ABOUT,596,2117.1,0.087980578,0.551176601,0.08,stop,apical,voiceless,B,T,internal,AH0 B AW1 T,570.1,2067.5,599.8,2121.6,675.6,2177.9,740.3,2130.7,784.5,2101
Celeste,female,Italian,LWC,AW,1,ABOUT,611.6,1956.5,0.566756106,0.461030255,0.15,stop,apical,voiceless,B,T,internal,AH0 B AW1 T,391.7,1636.9,617.1,2012.7,624.1,2158.8,648.6,2163.2,568.1,2092.6
Celeste,female,Italian,LWC,AW,1,ABOUT,640,1760.3,0.749101238,0.105809897,0.14,stop,apical,voiceless,B,T,internal,AH0 B AW1 T,558.3,1513.5,673,1861.3,841.7,1842.1,781.4,1566.2,690.4,1179.5
Celeste,female,Italian,LWC,AW,1,ABOUT,428.1,1793.3,-0.660154126,0.183992103,0.07,stop,apical,voiceless,B,T,internal,AH0 B AW1 T,372.5,1736.4,428.1,1793.3,505.8,1967.7,388.9,1567,369.6,1373.3
Celeste,female,Italian,LWC,AW,1,ABOUT,541.6,1999.4,-0.000202245,0.560110929,0.16,stop,apical,voiceless,B,T,internal,AH0 B AW1 T,495,1934.1,585.2,1989.7,328.9,971.5,272.6,806.1,310.4,821.5